rot (deg),freq (GHz),abs(emw.S11)^2 (1)
0,3,0.961243325
0,3.020408163,0.958186346
0,3.040816327,0.955008927
0,3.06122449,0.951578263
0,3.081632653,0.947741748
0,3.102040816,0.943325608
0,3.12244898,0.938134511
0,3.142857143,0.931691947
0,3.163265306,0.924997735
0,3.183673469,0.917754007
0,3.204081633,0.909475873
0,3.224489796,0.899593404
0,3.244897959,0.887449936
0,3.265306122,0.87102359
0,3.285714286,0.85367045
0,3.306122449,0.835012554
0,3.326530612,0.81329975
0,3.346938776,0.78632
0,3.367346939,0.75153005
0,3.387755102,0.70254717
0,3.408163265,0.649114388
0,3.428571429,0.594333782
0,3.448979592,0.535237684
0,3.469387755,0.468663631
0,3.489795918,0.396054355
0,3.510204082,0.331395929
0,3.530612245,0.295239727
0,3.551020408,0.290198534
0,3.571428571,0.319250964
0,3.591836735,0.371998395
0,3.612244898,0.437431415
0,3.632653061,0.509952213
0,3.653061224,0.575094338
0,3.673469388,0.632263176
0,3.693877551,0.68401701
0,3.714285714,0.725839652
0,3.734693878,0.760296786
0,3.755102041,0.79034272
0,3.775510204,0.814588925
0,3.795918367,0.834574858
0,3.816326531,0.85201468
0,3.836734694,0.866388232
0,3.857142857,0.87840662
0,3.87755102,0.889023033
0,3.897959184,0.898164994
0,3.918367347,0.905653394
0,3.93877551,0.911936435
0,3.959183673,0.917411658
0,3.979591837,0.922425588
0,4,0.927276569
10,3,0.952164321
10,3.020408163,0.948173455
10,3.040816327,0.944111373
10,3.06122449,0.939767043
10,3.081632653,0.934905607
10,3.102040816,0.929268973
10,3.12244898,0.922578511
10,3.142857143,0.914128034
10,3.163265306,0.905499902
10,3.183673469,0.896274882
10,3.204081633,0.885745372
10,3.224489796,0.873081695
10,3.244897959,0.857343582
10,3.265306122,0.835875313
10,3.285714286,0.813394893
10,3.306122449,0.789444685
10,3.326530612,0.761662049
10,3.346938776,0.726997508
10,3.367346939,0.681943455
10,3.387755102,0.618454686
10,3.408163265,0.549771806
10,3.428571429,0.480694669
10,3.448979592,0.407930464
10,3.469387755,0.327344416
10,3.489795918,0.242774171
10,3.510204082,0.174165034
10,3.530612245,0.143916447
10,3.551020408,0.153226604
10,3.571428571,0.2026856
10,3.591836735,0.275505383
10,3.612244898,0.358631036
10,3.632653061,0.44730272
10,3.653061224,0.524437907
10,3.673469388,0.590970269
10,3.693877551,0.650631084
10,3.714285714,0.698478372
10,3.734693878,0.737714885
10,3.755102041,0.771954259
10,3.775510204,0.799505696
10,3.795918367,0.822179489
10,3.816326531,0.842044244
10,3.836734694,0.858397022
10,3.857142857,0.872059699
10,3.87755102,0.884198931
10,3.897959184,0.89468034
10,3.918367347,0.903226032
10,3.93877551,0.910379324
10,3.959183673,0.916631475
10,3.979591837,0.922416165
10,4,0.928109665
20,3,0.944972225
20,3.020408163,0.940350273
20,3.040816327,0.935626095
20,3.06122449,0.930565363
20,3.081632653,0.924904208
20,3.102040816,0.918349427
20,3.12244898,0.910581496
20,3.142857143,0.90087447
20,3.163265306,0.890876305
20,3.183673469,0.880134189
20,3.204081633,0.867876147
20,3.224489796,0.853176858
20,3.244897959,0.834969012
20,3.265306122,0.81073641
20,3.285714286,0.78496412
20,3.306122449,0.757127541
20,3.326530612,0.724807495
20,3.346938776,0.684763196
20,3.367346939,0.633162888
20,3.387755102,0.563816525
20,3.408163265,0.488459659
20,3.428571429,0.410273259
20,3.448979592,0.327076416
20,3.469387755,0.237826942
20,3.489795918,0.148628864
20,3.510204082,0.081389217
20,3.530612245,0.057711305
20,3.551020408,0.077828069
20,3.571428571,0.140301076
20,3.591836735,0.225814348
20,3.612244898,0.320160658
20,3.632653061,0.416947988
20,3.653061224,0.501125994
20,3.673469388,0.573289833
20,3.693877551,0.637195123
20,3.714285714,0.688566701
20,3.734693878,0.730664468
20,3.755102041,0.767577024
20,3.775510204,0.797936957
20,3.795918367,0.821626362
20,3.816326531,0.84079145
20,3.836734694,0.857238744
20,3.857142857,0.872394481
20,3.87755102,0.887022659
20,3.897959184,0.898212881
20,3.918367347,0.907355663
20,3.93877551,0.915025805
20,3.959183673,0.921736125
20,3.979591837,0.927932558
20,4,0.933996071
30,3,0.940267194
30,3.020408163,0.93524046
30,3.040816327,0.930086852
30,3.06122449,0.924559436
30,3.081632653,0.918377515
30,3.102040816,0.911226416
30,3.12244898,0.902760667
30,3.142857143,0.892254485
30,3.163265306,0.881369484
30,3.183673469,0.869635294
30,3.204081633,0.856245217
30,3.224489796,0.840216856
30,3.244897959,0.820402564
30,3.265306122,0.7944215
30,3.285714286,0.766528742
30,3.306122449,0.736142901
30,3.326530612,0.700835455
30,3.346938776,0.657280746
30,3.367346939,0.60148423
30,3.387755102,0.527932185
30,3.408163265,0.447991769
30,3.428571429,0.364717956
30,3.448979592,0.276790724
30,3.469387755,0.184625078
30,3.489795918,0.096244112
30,3.510204082,0.033261587
30,3.530612245,0.021259655
30,3.551020408,0.054704553
30,3.571428571,0.120437355
30,3.591836735,0.208871943
30,3.612244898,0.313370025
30,3.632653061,0.422668236
30,3.653061224,0.512002646
30,3.673469388,0.583018595
30,3.693877551,0.64064118
30,3.714285714,0.689981195
30,3.734693878,0.734823581
30,3.755102041,0.775889705
30,3.775510204,0.806309508
30,3.795918367,0.83008322
30,3.816326531,0.849345272
30,3.836734694,0.865859795
30,3.857142857,0.880995698
30,3.87755102,0.895488488
30,3.897959184,0.906679188
30,3.918367347,0.915832135
30,3.93877551,0.923519356
30,3.959183673,0.930246785
30,3.979591837,0.936450168
30,4,0.942498284
40,3,0.937742968
40,3.020408163,0.932487177
40,3.040816327,0.927088457
40,3.06122449,0.921293141
40,3.081632653,0.91481111
40,3.102040816,0.907315244
40,3.12244898,0.89844466
40,3.142857143,0.887476805
40,3.163265306,0.876073365
40,3.183673469,0.863754515
40,3.204081633,0.849694567
40,3.224489796,0.832878298
40,3.244897959,0.812110735
40,3.265306122,0.785086781
40,3.285714286,0.755932908
40,3.306122449,0.724033599
40,3.326530612,0.68695783
40,3.346938776,0.641344243
40,3.367346939,0.583137372
40,3.387755102,0.507223714
40,3.408163265,0.424899945
40,3.428571429,0.339278611
40,3.448979592,0.249671444
40,3.469387755,0.157526724
40,3.489795918,0.072153298
40,3.510204082,0.016097175
40,3.530612245,0.012463635
40,3.551020408,0.053521144
40,3.571428571,0.125279011
40,3.591836735,0.217709019
40,3.612244898,0.323969153
40,3.632653061,0.433289286
40,3.653061224,0.522242779
40,3.673469388,0.592811602
40,3.693877551,0.650016481
40,3.714285714,0.698853689
40,3.734693878,0.742979824
40,3.755102041,0.783199027
40,3.775510204,0.813207498
40,3.795918367,0.836699396
40,3.816326531,0.855760848
40,3.836734694,0.872102073
40,3.857142857,0.887040565
40,3.87755102,0.901287482
40,3.897959184,0.912350812
40,3.918367347,0.921410517
40,3.93877551,0.929028023
40,3.959183673,0.935697864
40,3.979591837,0.941844045
40,4,0.947823859
50,3,0.937383169
50,3.020408163,0.932067138
50,3.040816327,0.926607707
50,3.06122449,0.920746092
50,3.081632653,0.914186006
50,3.102040816,0.906593057
50,3.12244898,0.897598054
50,3.142857143,0.886457177
50,3.163265306,0.874873958
50,3.183673469,0.862357985
50,3.204081633,0.848062189
50,3.224489796,0.830942883
50,3.244897959,0.809769973
50,3.265306122,0.78217668
50,3.285714286,0.752387402
50,3.306122449,0.719777523
50,3.326530612,0.681855026
50,3.346938776,0.635165805
50,3.367346939,0.575553324
50,3.387755102,0.497889174
50,3.408163265,0.41388934
50,3.428571429,0.326941038
50,3.448979592,0.236689808
50,3.469387755,0.145188863
50,3.489795918,0.062729162
50,3.510204082,0.01262703
50,3.530612245,0.016047346
50,3.551020408,0.06312874
50,3.571428571,0.138944934
50,3.591836735,0.233358018
50,3.612244898,0.339775388
50,3.632653061,0.447850224
50,3.653061224,0.535006988
50,3.673469388,0.603838116
50,3.693877551,0.659490121
50,3.714285714,0.706938134
50,3.734693878,0.74979629
50,3.755102041,0.788870358
50,3.775510204,0.818009873
50,3.795918367,0.840833481
50,3.816326531,0.859362215
50,3.836734694,0.875254728
50,3.857142857,0.889792218
50,3.87755102,0.903668247
50,3.897959184,0.914447242
50,3.918367347,0.923280585
50,3.93877551,0.930712308
50,3.959183673,0.937222482
50,3.979591837,0.94322366
50,4,0.94906442
60,3,0.939984309
60,3.020408163,0.934913091
60,3.040816327,0.929720868
60,3.06122449,0.924154631
60,3.081632653,0.917928188
60,3.102040816,0.910722005
60,3.12244898,0.902186405
60,3.142857143,0.891567202
60,3.163265306,0.880589071
60,3.183673469,0.868768892
60,3.204081633,0.855280964
60,3.224489796,0.839126414
60,3.244897959,0.81914496
60,3.265306122,0.792905876
60,3.285714286,0.764775721
60,3.306122449,0.734174118
60,3.326530612,0.698635152
60,3.346938776,0.654797504
60,3.367346939,0.598653539
60,3.387755102,0.524761393
60,3.408163265,0.444571387
60,3.428571429,0.361175858
60,3.448979592,0.273323543
60,3.469387755,0.181558592
60,3.489795918,0.094071284
60,3.510204082,0.032359954
60,3.530612245,0.021372077
60,3.551020408,0.055409459
60,3.571428571,0.121316649
60,3.591836735,0.209582977
60,3.612244898,0.313647091
60,3.632653061,0.422413937
60,3.653061224,0.511430842
60,3.673469388,0.582230617
60,3.693877551,0.639716618
60,3.714285714,0.688992002
60,3.734693878,0.733837442
60,3.755102041,0.774959179
60,3.775510204,0.805436975
60,3.795918367,0.829256892
60,3.816326531,0.848556883
60,3.836734694,0.865115882
60,3.857142857,0.880323129
60,3.87755102,0.894925511
60,3.897959184,0.906179661
60,3.918367347,0.915384345
60,3.93877551,0.923114778
60,3.959183673,0.929882751
60,3.979591837,0.936131971
60,4,0.942240649
70,3,0.945327603
70,3.020408163,0.940713623
70,3.040816327,0.936007717
70,3.06122449,0.930970701
70,3.081632653,0.925334963
70,3.102040816,0.918805012
70,3.12244898,0.91106058
70,3.142857143,0.901376014
70,3.163265306,0.891411209
70,3.183673469,0.880708421
70,3.204081633,0.86849191
70,3.224489796,0.853835416
70,3.244897959,0.835672728
70,3.265306122,0.811422673
70,3.285714286,0.785696211
70,3.306122449,0.757957093
70,3.326530612,0.725747108
70,3.346938776,0.685814529
70,3.367346939,0.634351792
70,3.387755102,0.564724565
70,3.408163265,0.489383638
70,3.428571429,0.41132815
70,3.448979592,0.328213361
70,3.469387755,0.238918468
70,3.489795918,0.14954785
70,3.510204082,0.081814103
70,3.530612245,0.057387205
70,3.551020408,0.076763222
70,3.571428571,0.138684238
70,3.591836735,0.22391159
70,3.612244898,0.318200868
70,3.632653061,0.415192303
70,3.653061224,0.499569413
70,3.673469388,0.571939284
70,3.693877551,0.636114871
70,3.714285714,0.687680202
70,3.734693878,0.729936431
70,3.755102041,0.767027107
70,3.775510204,0.797524403
70,3.795918367,0.821302438
70,3.816326531,0.84052275
70,3.836734694,0.857018344
70,3.857142857,0.872249339
70,3.87755102,0.887002526
70,3.897959184,0.898252201
70,3.918367347,0.907436223
70,3.93877551,0.915135715
70,3.959183673,0.92187209
70,3.979591837,0.928101619
70,4,0.934216575
80,3,0.952114447
80,3.020408163,0.948089238
80,3.040816327,0.943990008
80,3.06122449,0.939603375
80,3.081632653,0.934690852
80,3.102040816,0.928989389
80,3.12244898,0.922213968
80,3.142857143,0.913666111
80,3.163265306,0.904926369
80,3.183673469,0.89556433
80,3.204081633,0.884864041
80,3.224489796,0.87198718
80,3.244897959,0.855979363
80,3.265306122,0.834078024
80,3.285714286,0.811171366
80,3.306122449,0.78675198
80,3.326530612,0.758374105
80,3.346938776,0.722955941
80,3.367346939,0.677032837
80,3.387755102,0.611886699
80,3.408163265,0.541308735
80,3.428571429,0.470923974
80,3.448979592,0.397721697
80,3.469387755,0.317239512
80,3.489795918,0.233929432
80,3.510204082,0.168221954
80,3.530612245,0.141662775
80,3.551020408,0.155059688
80,3.571428571,0.207950774
80,3.591836735,0.282585261
80,3.612244898,0.366106997
80,3.632653061,0.454622997
80,3.653061224,0.530971878
80,3.673469388,0.596599922
80,3.693877551,0.655360302
80,3.714285714,0.702442084
80,3.734693878,0.74105228
80,3.755102041,0.774744717
80,3.775510204,0.80187539
80,3.795918367,0.824222585
80,3.816326531,0.843806557
80,3.836734694,0.859944909
80,3.857142857,0.873441464
80,3.87755102,0.885438315
80,3.897959184,0.895807353
80,3.918367347,0.90426888
80,3.93877551,0.91135618
80,3.959183673,0.917553132
80,3.979591837,0.923289638
80,4,0.928941865
90,3,0.961088062
90,3.020408163,0.957922119
90,3.040816327,0.954699853
90,3.06122449,0.951253148
90,3.081632653,0.947395186
90,3.102040816,0.94292058
90,3.12244898,0.937606773
90,3.142857143,0.930881123
90,3.163265306,0.92403516
90,3.183673469,0.916716841
90,3.204081633,0.908354083
90,3.224489796,0.89829064
90,3.244897959,0.885788569
90,3.265306122,0.868386548
90,3.285714286,0.850419086
90,3.306122449,0.831454298
90,3.326530612,0.809411468
90,3.346938776,0.78178434
90,3.367346939,0.745847572
90,3.387755102,0.693255149
90,3.408163265,0.636632805
90,3.428571429,0.580677759
90,3.448979592,0.521637079
90,3.469387755,0.455160323
90,3.489795918,0.383216288
90,3.510204082,0.32082542
90,3.530612245,0.288478083
90,3.551020408,0.288242036
90,3.571428571,0.322198591
90,3.591836735,0.377764569
90,3.612244898,0.44433571
90,3.632653061,0.517785568
90,3.653061224,0.582326045
90,3.673469388,0.638497591
90,3.693877551,0.689616463
90,3.714285714,0.730572066
90,3.734693878,0.76422918
90,3.755102041,0.793767726
90,3.775510204,0.817505236
90,3.795918367,0.837046605
90,3.816326531,0.854202897
90,3.836734694,0.868309596
90,3.857142857,0.880089703
90,3.87755102,0.890508808
90,3.897959184,0.899280804
90,3.918367347,0.906714367
90,3.93877551,0.913336209
90,3.959183673,0.91902223
90,3.979591837,0.923898451
90,4,0.928264338
100,3,0.970758088
100,3.020408163,0.968535386
100,3.040816327,0.966272347
100,3.06122449,0.963853443
100,3.081632653,0.961150347
100,3.102040816,0.958021945
100,3.12244898,0.95431505
100,3.142857143,0.949635635
100,3.163265306,0.944877527
100,3.183673469,0.939793131
100,3.204081633,0.933987934
100,3.224489796,0.927014714
100,3.244897959,0.918373229
100,3.265306122,0.90608821
100,3.285714286,0.8936433
100,3.306122449,0.880672935
100,3.326530612,0.865592956
100,3.346938776,0.846625622
100,3.367346939,0.82193289
100,3.387755102,0.790882353
100,3.408163265,0.756585016
100,3.428571429,0.715792223
100,3.448979592,0.66547376
100,3.469387755,0.615368536
100,3.489795918,0.564463893
100,3.510204082,0.516380351
100,3.530612245,0.487448684
100,3.551020408,0.481215221
100,3.571428571,0.499334752
100,3.591836735,0.533594291
100,3.612244898,0.577964113
100,3.632653061,0.631620676
100,3.653061224,0.67817665
100,3.673469388,0.719134129
100,3.693877551,0.757294619
100,3.714285714,0.787800944
100,3.734693878,0.812936442
100,3.755102041,0.835167766
100,3.775510204,0.852987439
100,3.795918367,0.867652522
100,3.816326531,0.88054631
100,3.836734694,0.891121547
100,3.857142857,0.89993533
100,3.87755102,0.907719356
100,3.897959184,0.9142506
100,3.918367347,0.919764828
100,3.93877551,0.92465991
100,3.959183673,0.928841608
100,3.979591837,0.932405962
100,4,0.935578929
110,3,0.979232523
110,3.020408163,0.977823876
110,3.040816327,0.976390402
110,3.06122449,0.974860275
110,3.081632653,0.973152586
110,3.102040816,0.971177432
110,3.12244898,0.968836414
110,3.142857143,0.965880269
110,3.163265306,0.962874507
110,3.183673469,0.959659877
110,3.204081633,0.95598317
110,3.224489796,0.951555882
110,3.244897959,0.94605228
110,3.265306122,0.937885958
110,3.285714286,0.929829445
110,3.306122449,0.921597532
110,3.326530612,0.912003427
110,3.346938776,0.899813131
110,3.367346939,0.883858068
110,3.387755102,0.86374723
110,3.408163265,0.841689984
110,3.428571429,0.815684965
110,3.448979592,0.786606456
110,3.469387755,0.755313067
110,3.489795918,0.725804677
110,3.510204082,0.701658023
110,3.530612245,0.690998596
110,3.551020408,0.695121416
110,3.571428571,0.713348817
110,3.591836735,0.738836205
110,3.612244898,0.768151573
110,3.632653061,0.794522766
110,3.653061224,0.819755345
110,3.673469388,0.841403003
110,3.693877551,0.861113912
110,3.714285714,0.876804604
110,3.734693878,0.889665022
110,3.755102041,0.901016417
110,3.775510204,0.91008823
110,3.795918367,0.917541219
110,3.816326531,0.924077421
110,3.836734694,0.929421324
110,3.857142857,0.933856789
110,3.87755102,0.937750633
110,3.897959184,0.940993885
110,3.918367347,0.943705037
110,3.93877551,0.946085037
110,3.959183673,0.948087976
110,3.979591837,0.949762141
110,4,0.951223099
120,3,0.986470893
120,3.020408163,0.985803157
120,3.040816327,0.985126785
120,3.06122449,0.984411796
120,3.081632653,0.983624482
120,3.102040816,0.982727681
120,3.12244898,0.98168117
120,3.142857143,0.980406639
120,3.163265306,0.979098075
120,3.183673469,0.977696573
120,3.204081633,0.976107881
120,3.224489796,0.974220998
120,3.244897959,0.971906797
120,3.265306122,0.968431746
120,3.285714286,0.96508551
120,3.306122449,0.961728498
120,3.326530612,0.957836141
120,3.346938776,0.952904361
120,3.367346939,0.946489843
120,3.387755102,0.938685089
120,3.408163265,0.9296229
120,3.428571429,0.919124916
120,3.448979592,0.907697808
120,3.469387755,0.895436759
120,3.489795918,0.883428732
120,3.510204082,0.873262505
120,3.530612245,0.868570942
120,3.551020408,0.869942241
120,3.571428571,0.876990995
120,3.591836735,0.886333865
120,3.612244898,0.896916779
120,3.632653061,0.907631207
120,3.653061224,0.917238184
120,3.673469388,0.925450581
120,3.693877551,0.93299783
120,3.714285714,0.938935417
120,3.734693878,0.943762496
120,3.755102041,0.948062197
120,3.775510204,0.951501098
120,3.795918367,0.954117963
120,3.816326531,0.956153341
120,3.836734694,0.9578399
120,3.857142857,0.95939874
120,3.87755102,0.960972607
120,3.897959184,0.962007516
120,3.918367347,0.962774529
120,3.93877551,0.963343384
120,3.959183673,0.963777358
120,3.979591837,0.964133105
120,4,0.964460654
130,3,0.990450176
130,3.020408163,0.990203023
130,3.040816327,0.989954057
130,3.06122449,0.989697943
130,3.081632653,0.989429176
130,3.102040816,0.989142113
130,3.12244898,0.988831049
130,3.142857143,0.988488311
130,3.163265306,0.988138163
130,3.183673469,0.987773582
130,3.204081633,0.987382487
130,3.224489796,0.986950071
130,3.244897959,0.986458978
130,3.265306122,0.985823063
130,3.285714286,0.9852071
130,3.306122449,0.984584265
130,3.326530612,0.983887511
130,3.346938776,0.983057535
130,3.367346939,0.982042477
130,3.387755102,0.980814985
130,3.408163265,0.979511228
130,3.428571429,0.9780182
130,3.448979592,0.976608962
130,3.469387755,0.974789725
130,3.489795918,0.973023521
130,3.510204082,0.971477712
130,3.530612245,0.970629119
130,3.551020408,0.970551892
130,3.571428571,0.971199496
130,3.591836735,0.972092382
130,3.612244898,0.973108629
130,3.632653061,0.973744699
130,3.653061224,0.97449965
130,3.673469388,0.975087
130,3.693877551,0.975581826
130,3.714285714,0.975890045
130,3.734693878,0.9760654
130,3.755102041,0.976167672
130,3.775510204,0.976166278
130,3.795918367,0.976066826
130,3.816326531,0.975894891
130,3.836734694,0.975672644
130,3.857142857,0.975419221
130,3.87755102,0.975146478
130,3.897959184,0.974815867
130,3.918367347,0.97444774
130,3.93877551,0.974048761
130,3.959183673,0.973624922
130,3.979591837,0.973181466
130,4,0.972722861
140,3,0.990377731
140,3.020408163,0.990127019
140,3.040816327,0.989875136
140,3.06122449,0.98961629
140,3.081632653,0.989344663
140,3.102040816,0.989054453
140,3.12244898,0.988739938
140,3.142857143,0.988375339
140,3.163265306,0.988018868
140,3.183673469,0.987656793
140,3.204081633,0.987269185
140,3.224489796,0.986836791
140,3.244897959,0.98634128
140,3.265306122,0.985592981
140,3.285714286,0.984947762
140,3.306122449,0.984362926
140,3.326530612,0.983715548
140,3.346938776,0.982912109
140,3.367346939,0.981888068
140,3.387755102,0.980695356
140,3.408163265,0.979373688
140,3.428571429,0.977847309
140,3.448979592,0.976770999
140,3.469387755,0.974751412
140,3.489795918,0.972819037
140,3.510204082,0.971291147
140,3.530612245,0.970433328
140,3.551020408,0.970494159
140,3.571428571,0.971266336
140,3.591836735,0.972349152
140,3.612244898,0.973590542
140,3.632653061,0.973903657
140,3.653061224,0.974665084
140,3.673469388,0.97524664
140,3.693877551,0.975675677
140,3.714285714,0.975959472
140,3.734693878,0.976105202
140,3.755102041,0.976201182
140,3.775510204,0.976184309
140,3.795918367,0.976058005
140,3.816326531,0.975851858
140,3.836734694,0.975600589
140,3.857142857,0.975343821
140,3.87755102,0.975109803
140,3.897959184,0.974771521
140,3.918367347,0.974395249
140,3.93877551,0.973987757
140,3.959183673,0.973556077
140,3.979591837,0.973107416
140,4,0.972649089
150,3,0.986342271
150,3.020408163,0.984822014
150,3.040816327,0.983610886
150,3.06122449,0.982645273
150,3.081632653,0.981855791
150,3.102040816,0.981167183
150,3.12244898,0.980498555
150,3.142857143,0.97976399
150,3.163265306,0.978873564
150,3.183673469,0.977734761
150,3.204081633,0.976254259
150,3.224489796,0.974339994
150,3.244897959,0.971903374
150,3.265306122,0.969112148
150,3.285714286,0.966112453
150,3.306122449,0.962494341
150,3.326530612,0.957872732
150,3.346938776,0.952828515
150,3.367346939,0.946663758
150,3.387755102,0.93864619
150,3.408163265,0.930085511
150,3.428571429,0.919931766
150,3.448979592,0.909108684
150,3.469387755,0.896906503
150,3.489795918,0.884824028
150,3.510204082,0.874495247
150,3.530612245,0.869855914
150,3.551020408,0.87170382
150,3.571428571,0.879454466
150,3.591836735,0.889458402
150,3.612244898,0.899922408
150,3.632653061,0.909724293
150,3.653061224,0.919049922
150,3.673469388,0.926922318
150,3.693877551,0.934307831
150,3.714285714,0.940013605
150,3.734693878,0.944599009
150,3.755102041,0.94877284
150,3.775510204,0.951970768
150,3.795918367,0.954524271
150,3.816326531,0.956788781
150,3.836734694,0.958552204
150,3.857142857,0.959951072
150,3.87755102,0.961169618
150,3.897959184,0.962151488
150,3.918367347,0.962859795
150,3.93877551,0.96336719
150,3.959183673,0.963746268
150,3.979591837,0.96406838
150,4,0.964402645
160,3,0.979219885
160,3.020408163,0.976104777
160,3.040816327,0.973575752
160,3.06122449,0.97151478
160,3.081632653,0.969788984
160,3.102040816,0.968248927
160,3.12244898,0.966727597
160,3.142857143,0.965040312
160,3.163265306,0.962985711
160,3.183673469,0.960348048
160,3.204081633,0.956900877
160,3.224489796,0.95241217
160,3.244897959,0.946650761
160,3.265306122,0.940038641
160,3.285714286,0.932839306
160,3.306122449,0.92410933
160,3.326530612,0.912996991
160,3.346938776,0.900624818
160,3.367346939,0.885470446
160,3.387755102,0.865709129
160,3.408163265,0.844412303
160,3.428571429,0.819170247
160,3.448979592,0.786922585
160,3.469387755,0.758489694
160,3.489795918,0.730548132
160,3.510204082,0.705693641
160,3.530612245,0.694638184
160,3.551020408,0.698099228
160,3.571428571,0.715954437
160,3.591836735,0.739010821
160,3.612244898,0.764051561
160,3.632653061,0.795774273
160,3.653061224,0.820607425
160,3.673469388,0.841780308
160,3.693877551,0.861819537
160,3.714285714,0.877361032
160,3.734693878,0.890024728
160,3.755102041,0.901447399
160,3.775510204,0.910440107
160,3.795918367,0.917785049
160,3.816326531,0.924327009
160,3.836734694,0.929619756
160,3.857142857,0.933989761
160,3.87755102,0.937866765
160,3.897959184,0.941072945
160,3.918367347,0.943741055
160,3.93877551,0.946098815
160,3.959183673,0.948073281
160,3.979591837,0.949717056
160,4,0.951156778
170,3,0.970103731
170,3.020408163,0.96778106
170,3.040816327,0.965444543
170,3.06122449,0.962959374
170,3.081632653,0.960179769
170,3.102040816,0.956949901
170,3.12244898,0.953105669
170,3.142857143,0.948104326
170,3.163265306,0.943127746
170,3.183673469,0.937887444
170,3.204081633,0.931907846
170,3.224489796,0.92466155
170,3.244897959,0.915579873
170,3.265306122,0.902148968
170,3.285714286,0.888826382
170,3.306122449,0.875326076
170,3.326530612,0.859752239
170,3.346938776,0.839922871
170,3.367346939,0.813588638
170,3.387755102,0.780190884
170,3.408163265,0.744017794
170,3.428571429,0.701223747
170,3.448979592,0.649092208
170,3.469387755,0.598154292
170,3.489795918,0.548663061
170,3.510204082,0.505603741
170,3.530612245,0.484413118
170,3.551020408,0.486634038
170,3.571428571,0.513536509
170,3.591836735,0.553958373
170,3.612244898,0.600808021
170,3.632653061,0.652928142
170,3.653061224,0.697713314
170,3.673469388,0.736373723
170,3.693877551,0.772233728
170,3.714285714,0.800530583
170,3.734693878,0.82370756
170,3.755102041,0.84434835
170,3.775510204,0.860786041
170,3.795918367,0.874283069
170,3.816326531,0.886239149
170,3.836734694,0.896011219
170,3.857142857,0.904145218
170,3.87755102,0.911370378
170,3.897959184,0.917420433
170,3.918367347,0.922523017
170,3.93877551,0.927069429
170,3.959183673,0.930947789
170,3.979591837,0.934249662
170,4,0.93719438
180,3,0.96090951
180,3.020408163,0.957722752
180,3.040816327,0.954495733
180,3.06122449,0.951052428
180,3.081632653,0.94719965
180,3.102040816,0.942727895
180,3.12244898,0.937413585
180,3.142857143,0.930615716
180,3.163265306,0.923751977
180,3.183673469,0.9164611
180,3.204081633,0.908140673
180,3.224489796,0.89810275
180,3.244897959,0.88558507
180,3.265306122,0.868008105
180,3.285714286,0.849948132
180,3.306122449,0.831045936
180,3.326530612,0.809164099
180,3.346938776,0.781650811
180,3.367346939,0.745563625
180,3.387755102,0.69304167
180,3.408163265,0.636724627
180,3.428571429,0.580856677
180,3.448979592,0.521740794
180,3.469387755,0.455260402
180,3.489795918,0.383157607
180,3.510204082,0.321088571
180,3.530612245,0.289923252
180,3.551020408,0.290823944
180,3.571428571,0.326016129
180,3.591836735,0.382377985
180,3.612244898,0.449191831
180,3.632653061,0.522415751
180,3.653061224,0.586549024
180,3.673469388,0.6422016
180,3.693877551,0.692888666
180,3.714285714,0.733366849
180,3.734693878,0.766573073
180,3.755102041,0.795793101
180,3.775510204,0.819212232
180,3.795918367,0.838464722
180,3.816326531,0.855410817
180,3.836734694,0.869317112
180,3.857142857,0.880916539
180,3.87755102,0.891246539
180,3.897959184,0.900146763
180,3.918367347,0.907375821
180,3.93877551,0.913402382
180,3.959183673,0.918657871
180,3.979591837,0.923530699
180,4,0.928364671
190,3,0.952452391
190,3.020408163,0.948514783
190,3.040816327,0.944505666
190,3.06122449,0.940218938
190,3.081632653,0.935425577
190,3.102040816,0.929874253
190,3.12244898,0.923293959
190,3.142857143,0.915002923
190,3.163265306,0.906535951
190,3.183673469,0.89748488
190,3.204081633,0.887164016
190,3.224489796,0.87477157
190,3.244897959,0.859400681
190,3.265306122,0.838493044
190,3.285714286,0.816612653
190,3.306122449,0.793307677
190,3.326530612,0.766296058
190,3.346938776,0.732643542
190,3.367346939,0.688971767
190,3.387755102,0.627303872
190,3.408163265,0.560660404
190,3.428571429,0.493572282
190,3.448979592,0.422194088
190,3.469387755,0.342123197
190,3.489795918,0.25642402
190,3.510204082,0.183723663
190,3.530612245,0.147168596
190,3.551020408,0.149149735
190,3.571428571,0.191839012
190,3.591836735,0.260489739
190,3.612244898,0.342076857
190,3.632653061,0.431027365
190,3.653061224,0.509493371
190,3.673469388,0.577744539
190,3.693877551,0.63927598
190,3.714285714,0.688771727
190,3.734693878,0.729422742
190,3.755102041,0.764929937
190,3.775510204,0.793501914
190,3.795918367,0.817008384
190,3.816326531,0.837599262
190,3.836734694,0.854537708
190,3.857142857,0.86867947
190,3.87755102,0.881239736
190,3.897959184,0.89207769
190,3.918367347,0.900905685
190,3.93877551,0.908289463
190,3.959183673,0.914740111
190,3.979591837,0.920708132
190,4,0.926583609
200,3,0.945338178
200,3.020408163,0.940747126
200,3.040816327,0.936054806
200,3.06122449,0.931028329
200,3.081632653,0.925405519
200,3.102040816,0.918895111
200,3.12244898,0.911179736
200,3.142857143,0.901536915
200,3.163265306,0.891606025
200,3.183673469,0.880936753
200,3.204081633,0.868761528
200,3.224489796,0.854160501
200,3.244897959,0.836072649
200,3.265306122,0.811988857
200,3.285714286,0.786377128
200,3.306122449,0.758714686
200,3.326530612,0.726590214
200,3.346938776,0.686771995
200,3.367346939,0.635433154
200,3.387755102,0.566355432
200,3.408163265,0.491225922
200,3.428571429,0.413195492
200,3.448979592,0.330026387
200,3.469387755,0.240576607
200,3.489795918,0.150820045
200,3.510204082,0.082673158
200,3.530612245,0.058062863
200,3.551020408,0.077410631
200,3.571428571,0.139445568
200,3.591836735,0.22487669
200,3.612244898,0.319353955
200,3.632653061,0.416382283
200,3.653061224,0.500781459
200,3.673469388,0.573123809
200,3.693877551,0.637176539
200,3.714285714,0.688641057
200,3.734693878,0.730796622
200,3.755102041,0.767750486
200,3.775510204,0.798131133
200,3.795918367,0.821825148
200,3.816326531,0.840986341
200,3.836734694,0.857426666
200,3.857142857,0.872575819
200,3.87755102,0.887198876
200,3.897959184,0.898378421
200,3.918367347,0.907509907
200,3.93877551,0.915168741
200,3.959183673,0.921868188
200,3.979591837,0.928054491
200,4,0.934108818
210,3,0.940231501
210,3.020408163,0.93521118
210,3.040816327,0.930063734
210,3.06122449,0.924543383
210,3.081632653,0.918370908
210,3.102040816,0.911233471
210,3.12244898,0.902787796
210,3.142857143,0.892314655
210,3.163265306,0.881464268
210,3.183673469,0.869769054
210,3.204081633,0.856428584
210,3.224489796,0.840469401
210,3.244897959,0.820755578
210,3.265306122,0.794930227
210,3.285714286,0.767217277
210,3.306122449,0.737038894
210,3.326530612,0.701990731
210,3.346938776,0.658787555
210,3.367346939,0.603486999
210,3.387755102,0.530616257
210,3.408163265,0.451402039
210,3.428571429,0.368809706
210,3.448979592,0.281419108
210,3.469387755,0.189442643
210,3.489795918,0.100479318
210,3.510204082,0.035591016
210,3.530612245,0.020787467
210,3.551020408,0.051425507
210,3.571428571,0.114913418
210,3.591836735,0.201892934
210,3.612244898,0.305762871
210,3.632653061,0.41519515
210,3.653061224,0.505132595
210,3.673469388,0.576857852
210,3.693877551,0.63517796
210,3.714285714,0.685180675
210,3.734693878,0.730655925
210,3.755102041,0.772316164
210,3.775510204,0.803205444
210,3.795918367,0.827351913
210,3.816326531,0.846919108
210,3.836734694,0.863696519
210,3.857142857,0.879072339
210,3.87755102,0.893791772
210,3.897959184,0.905160028
210,3.918367347,0.914457703
210,3.93877551,0.922266236
210,3.959183673,0.929099742
210,3.979591837,0.935400767
210,4,0.941543549
220,3,0.938262524
220,3.020408163,0.933114044
220,3.040816327,0.92782475
220,3.06122449,0.922149843
220,3.081632653,0.915810194
220,3.102040816,0.908491945
220,3.12244898,0.899849638
220,3.142857143,0.889196017
220,3.163265306,0.878123973
220,3.183673469,0.866172214
220,3.204081633,0.852552844
220,3.224489796,0.836302235
220,3.244897959,0.816290453
220,3.265306122,0.7903237
220,3.285714286,0.762356395
220,3.306122449,0.731793733
220,3.326530612,0.696318418
220,3.346938776,0.652742359
220,3.367346939,0.597205572
220,3.387755102,0.52466259
220,3.408163265,0.445654089
220,3.428571429,0.362806824
220,3.448979592,0.27485004
220,3.469387755,0.182137302
220,3.489795918,0.092082777
220,3.510204082,0.025402045
220,3.530612245,0.00831787
220,3.551020408,0.037189791
220,3.571428571,0.100175953
220,3.591836735,0.187839801
220,3.612244898,0.293117531
220,3.632653061,0.40453355
220,3.653061224,0.496942748
220,3.673469388,0.570965476
220,3.693877551,0.631303558
220,3.714285714,0.682968966
220,3.734693878,0.729691512
220,3.755102041,0.772263427
220,3.775510204,0.804055718
220,3.795918367,0.828911063
220,3.816326531,0.849053162
220,3.836734694,0.866303133
220,3.857142857,0.882057344
220,3.87755102,0.897064429
220,3.897959184,0.908701201
220,3.918367347,0.918213812
220,3.93877551,0.926200253
220,3.959183673,0.933185873
220,3.979591837,0.93961945
220,4,0.945877469
230,3,0.938221004
230,3.020408163,0.933053205
230,3.040816327,0.927744988
230,3.06122449,0.922049384
230,3.081632653,0.915684754
230,3.102040816,0.908334371
230,3.12244898,0.899649581
230,3.142857143,0.888933091
230,3.163265306,0.877797365
230,3.183673469,0.865776491
230,3.204081633,0.852073441
230,3.224489796,0.835712891
230,3.244897959,0.815550878
230,3.265306122,0.789365529
230,3.285714286,0.761155706
230,3.306122449,0.730323438
230,3.326530612,0.694524525
230,3.346938776,0.650529558
230,3.367346939,0.594431208
230,3.387755102,0.52116519
230,3.408163265,0.441432572
230,3.428571429,0.357955822
230,3.448979592,0.269575003
230,3.469387755,0.176863738
230,3.489795918,0.087647106
230,3.510204082,0.023100314
230,3.530612245,0.008894527
230,3.551020408,0.040504662
230,3.571428571,0.105560782
230,3.591836735,0.19444381
230,3.612244898,0.300102592
230,3.632653061,0.411183569
230,3.653061224,0.502888339
230,3.673469388,0.576163119
230,3.693877551,0.635803315
230,3.714285714,0.686830426
230,3.734693878,0.732963574
230,3.755102041,0.774999471
230,3.775510204,0.806381216
230,3.795918367,0.830918077
230,3.816326531,0.850804858
230,3.836734694,0.867839954
230,3.857142857,0.883403958
230,3.87755102,0.898237632
230,3.897959184,0.909739479
230,3.918367347,0.919144526
230,3.93877551,0.927042612
230,3.959183673,0.933952484
230,3.979591837,0.940317872
230,4,0.946511588
240,3,0.939920504
240,3.020408163,0.934831665
240,3.040816327,0.929621755
240,3.06122449,0.924036063
240,3.081632653,0.917786345
240,3.102040816,0.910550645
240,3.12244898,0.901976508
240,3.142857143,0.891302432
240,3.163265306,0.880267287
240,3.183673469,0.868384394
240,3.204081633,0.854820793
240,3.224489796,0.838567946
240,3.244897959,0.818453635
240,3.265306122,0.792023683
240,3.285714286,0.763681375
240,3.306122449,0.732843279
240,3.326530612,0.697021134
240,3.346938776,0.652820156
240,3.367346939,0.596195874
240,3.387755102,0.521690541
240,3.408163265,0.440900043
240,3.428571429,0.35700839
240,3.448979592,0.268867541
240,3.469387755,0.177218835
240,3.489795918,0.090598646
240,3.510204082,0.03082805
240,3.530612245,0.022259796
240,3.551020408,0.058451477
240,3.571428571,0.125878501
240,3.591836735,0.214945936
240,3.612244898,0.319144485
240,3.632653061,0.427508442
240,3.653061224,0.515891422
240,3.673469388,0.58606807
240,3.693877551,0.642993633
240,3.714285714,0.691764916
240,3.734693878,0.736147868
240,3.755102041,0.776850934
240,3.775510204,0.807012914
240,3.795918367,0.830592424
240,3.816326531,0.849702529
240,3.836734694,0.86610195
240,3.857142857,0.881165466
240,3.87755102,0.895633208
240,3.897959184,0.906786707
240,3.918367347,0.915912136
240,3.93877551,0.923578179
240,3.959183673,0.930291078
240,3.979591837,0.936490037
240,4,0.942549746
250,3,0.945163669
250,3.020408163,0.940532829
250,3.040816327,0.935809641
250,3.06122449,0.930753951
250,3.081632653,0.925096998
250,3.102040816,0.918541963
250,3.12244898,0.910767088
250,3.142857143,0.901043667
250,3.163265306,0.891038345
250,3.183673469,0.880291531
250,3.204081633,0.868024071
250,3.224489796,0.853305389
250,3.244897959,0.835064179
250,3.265306122,0.810710588
250,3.285714286,0.7848717
250,3.306122449,0.757009981
250,3.326530612,0.724658846
250,3.346938776,0.684555433
250,3.367346939,0.632882242
250,3.387755102,0.562991936
250,3.408163265,0.487432325
250,3.428571429,0.409205927
250,3.448979592,0.326002704
250,3.469387755,0.236784378
250,3.489795918,0.147781998
250,3.510204082,0.08076545
250,3.530612245,0.057184816
250,3.551020408,0.077359545
250,3.571428571,0.139852243
250,3.591836735,0.225312301
250,3.612244898,0.319588319
250,3.632653061,0.416412867
250,3.653061224,0.50058301
250,3.673469388,0.572752164
250,3.693877551,0.636739447
250,3.714285714,0.688159206
250,3.734693878,0.730302645
250,3.755102041,0.767297767
250,3.775510204,0.797723358
250,3.795918367,0.82145237
250,3.816326531,0.840637817
250,3.836734694,0.857105885
250,3.857142857,0.872311819
250,3.87755102,0.88704036
250,3.897959184,0.898275578
250,3.918367347,0.907449746
250,3.93877551,0.915142374
250,3.959183673,0.92187352
250,3.979591837,0.928098359
250,4,0.934208308
260,3,0.95237608
260,3.020408163,0.948380353
260,3.040816327,0.944311147
260,3.06122449,0.939956935
260,3.081632653,0.935081396
260,3.102040816,0.929423966
260,3.12244898,0.922702399
260,3.142857143,0.914225082
260,3.163265306,0.905558116
260,3.183673469,0.896274821
260,3.204081633,0.88566621
260,3.224489796,0.872902707
260,3.244897959,0.857040261
260,3.265306122,0.835339824
260,3.285714286,0.812649865
260,3.306122449,0.788465511
260,3.326530612,0.760362226
260,3.346938776,0.725287631
260,3.367346939,0.679808008
260,3.387755102,0.615104772
260,3.408163265,0.545000857
260,3.428571429,0.475238222
260,3.448979592,0.402581266
260,3.469387755,0.322233278
260,3.489795918,0.238574184
260,3.510204082,0.171803496
260,3.530612245,0.143733031
260,3.551020408,0.15548242
260,3.571428571,0.206937339
260,3.591836735,0.280709676
260,3.612244898,0.363828226
260,3.632653061,0.452438964
260,3.653061224,0.528979289
260,3.673469388,0.594857573
260,3.693877551,0.653894043
260,3.714285714,0.701207533
260,3.734693878,0.740009539
260,3.755102041,0.773872549
260,3.775510204,0.80113376
260,3.795918367,0.82358325
260,3.816326531,0.843255057
260,3.836734694,0.859460786
260,3.857142857,0.873010058
260,3.87755102,0.885052262
260,3.897959184,0.895457974
260,3.918367347,0.903946719
260,3.93877551,0.911054786
260,3.959183673,0.917268729
260,3.979591837,0.923020782
260,4,0.928689098
270,3,0.961255071
270,3.020408163,0.958093735
270,3.040816327,0.954876393
270,3.06122449,0.951434564
270,3.081632653,0.947580965
270,3.102040816,0.943109611
270,3.12244898,0.937797194
270,3.142857143,0.93106692
270,3.163265306,0.924217449
270,3.183673469,0.916895158
270,3.204081633,0.908524974
270,3.224489796,0.898447126
270,3.244897959,0.885919631
270,3.265306122,0.868453667
270,3.285714286,0.850426439
270,3.306122449,0.831405551
270,3.326530612,0.809292585
270,3.346938776,0.781562083
270,3.367346939,0.745474541
270,3.387755102,0.692543721
270,3.408163265,0.635599992
270,3.428571429,0.579517732
270,3.448979592,0.520580087
270,3.469387755,0.454420485
270,3.489795918,0.383187808
270,3.510204082,0.322142812
270,3.530612245,0.291496697
270,3.551020408,0.29301516
270,3.571428571,0.328385592
270,3.591836735,0.384535138
270,3.612244898,0.451000827
270,3.632653061,0.523948222
270,3.653061224,0.587752377
270,3.673469388,0.643161265
270,3.693877551,0.693530842
270,3.714285714,0.73385903
270,3.734693878,0.766994818
270,3.755102041,0.796074924
270,3.775510204,0.819449485
270,3.795918367,0.838697936
270,3.816326531,0.855600324
270,3.836734694,0.869503767
270,3.857142857,0.88111847
270,3.87755102,0.891393438
270,3.897959184,0.900047218
270,3.918367347,0.907383026
270,3.93877551,0.913918929
270,3.959183673,0.919532726
270,3.979591837,0.924348249
270,4,0.928660328
280,3,0.970260497
280,3.020408163,0.967951968
280,3.040816327,0.965603431
280,3.06122449,0.963091355
280,3.081632653,0.960278119
280,3.102040816,0.957011889
280,3.12244898,0.953127257
280,3.142857143,0.948184076
280,3.163265306,0.943166154
280,3.183673469,0.937804173
280,3.204081633,0.931665143
280,3.224489796,0.92425677
280,3.244897959,0.915027399
280,3.265306122,0.901699549
280,3.285714286,0.888251936
280,3.306122449,0.874295564
280,3.326530612,0.858038584
280,3.346938776,0.837477759
280,3.367346939,0.810579392
280,3.387755102,0.776681027
280,3.408163265,0.73950628
280,3.428571429,0.695648843
280,3.448979592,0.642087523
280,3.469387755,0.591170667
280,3.489795918,0.542232874
280,3.510204082,0.500795475
280,3.530612245,0.481827249
280,3.551020408,0.487268868
280,3.571428571,0.516888259
280,3.591836735,0.558401839
280,3.612244898,0.605284708
280,3.632653061,0.658402001
280,3.653061224,0.70284567
280,3.673469388,0.741071027
280,3.693877551,0.776065752
280,3.714285714,0.803855665
280,3.734693878,0.82666475
280,3.755102041,0.846765214
280,3.775510204,0.862889526
280,3.795918367,0.876172287
280,3.816326531,0.887849861
280,3.836734694,0.897448575
280,3.857142857,0.905463215
280,3.87755102,0.91254652
280,3.897959184,0.918501112
280,3.918367347,0.923536228
280,3.93877551,0.928008576
280,3.959183673,0.931833544
280,3.979591837,0.935096524
280,4,0.938001381
290,3,0.979297457
290,3.020408163,0.977897948
290,3.040816327,0.976473407
290,3.06122449,0.974952968
290,3.081632653,0.973256852
290,3.102040816,0.971296471
290,3.12244898,0.968974917
290,3.142857143,0.966048939
290,3.163265306,0.963072348
290,3.183673469,0.959888676
290,3.204081633,0.956249656
290,3.224489796,0.951872619
290,3.244897959,0.946438616
290,3.265306122,0.938411601
290,3.285714286,0.93048129
290,3.306122449,0.922366984
290,3.326530612,0.912915063
290,3.346938776,0.900925627
290,3.367346939,0.885258891
290,3.387755102,0.865528235
290,3.408163265,0.843870069
290,3.428571429,0.818310056
290,3.448979592,0.789421682
290,3.469387755,0.758534428
290,3.489795918,0.729007776
290,3.510204082,0.704197635
290,3.530612245,0.692460487
290,3.551020408,0.695271211
290,3.571428571,0.712172219
290,3.591836735,0.736884362
290,3.612244898,0.765887957
290,3.632653061,0.792092881
290,3.653061224,0.817463559
290,3.673469388,0.83933231
290,3.693877551,0.859290503
290,3.714285714,0.875220379
290,3.734693878,0.888292479
290,3.755102041,0.899841484
290,3.775510204,0.909074893
290,3.795918367,0.916662488
290,3.816326531,0.923318899
290,3.836734694,0.928761164
290,3.857142857,0.933278669
290,3.87755102,0.937245164
290,3.897959184,0.940549318
290,3.918367347,0.943312025
290,3.93877551,0.945737947
290,3.959183673,0.947780374
290,3.979591837,0.949488567
290,4,0.950980161
300,3,0.986470868
300,3.020408163,0.98580402
300,3.040816327,0.985128549
300,3.06122449,0.984414472
300,3.081632653,0.983628023
300,3.102040816,0.982731925
300,3.12244898,0.981685784
300,3.142857143,0.980410606
300,3.163265306,0.97910156
300,3.183673469,0.977699396
300,3.204081633,0.976109272
300,3.224489796,0.974219459
300,3.244897959,0.971899936
300,3.265306122,0.969158439
300,3.285714286,0.966080869
300,3.306122449,0.96239121
300,3.326530612,0.957787677
300,3.346938776,0.952583517
300,3.367346939,0.946266229
300,3.387755102,0.938537058
300,3.408163265,0.929448148
300,3.428571429,0.918946553
300,3.448979592,0.907709048
300,3.469387755,0.895538434
300,3.489795918,0.883744911
300,3.510204082,0.874088382
300,3.530612245,0.869914306
300,3.551020408,0.871740356
300,3.571428571,0.879132696
300,3.591836735,0.888552379
300,3.612244898,0.899056757
300,3.632653061,0.909574432
300,3.653061224,0.918942066
300,3.673469388,0.926922466
300,3.693877551,0.934243504
300,3.714285714,0.93999267
300,3.734693878,0.944663207
300,3.755102041,0.948818982
300,3.775510204,0.952142293
300,3.795918367,0.954670151
300,3.816326531,0.95663532
300,3.836734694,0.958261995
300,3.857142857,0.959762569
300,3.87755102,0.961274094
300,3.897959184,0.962266927
300,3.918367347,0.962999673
300,3.93877551,0.963539834
300,3.959183673,0.963948675
300,3.979591837,0.964281061
300,4,0.964585443
310,3,0.990423578
310,3.020408163,0.990175877
310,3.040816327,0.989926365
310,3.06122449,0.989669695
310,3.081632653,0.989400337
310,3.102040816,0.989112621
310,3.12244898,0.988800805
310,3.142857143,0.988457366
310,3.163265306,0.988106304
310,3.183673469,0.987740629
310,3.204081633,0.987348261
310,3.224489796,0.986914322
310,3.244897959,0.986421302
310,3.265306122,0.985777306
310,3.285714286,0.985157198
310,3.306122449,0.984533029
310,3.326530612,0.983834682
310,3.346938776,0.983001238
310,3.367346939,0.981980848
310,3.387755102,0.980749288
310,3.408163265,0.979440754
310,3.428571429,0.977946748
310,3.448979592,0.976546774
310,3.469387755,0.974756646
310,3.489795918,0.973042942
310,3.510204082,0.971589932
310,3.530612245,0.970828144
310,3.551020408,0.970823456
310,3.571428571,0.971527604
310,3.591836735,0.97242722
310,3.612244898,0.973419439
310,3.632653061,0.974037011
310,3.653061224,0.974752431
310,3.673469388,0.975301239
310,3.693877551,0.975761231
310,3.714285714,0.976038528
310,3.734693878,0.976187841
310,3.755102041,0.976265625
310,3.775510204,0.976244429
310,3.795918367,0.976129207
310,3.816326531,0.975944431
310,3.836734694,0.975711131
310,3.857142857,0.97544723
310,3.87755102,0.975163653
310,3.897959184,0.974824932
310,3.918367347,0.974449974
310,3.93877551,0.974045067
310,3.959183673,0.973615874
310,3.979591837,0.973167366
310,4,0.972703791
320,3,0.990434636
320,3.020408163,0.99018822
320,3.040816327,0.989940469
320,3.06122449,0.989685945
320,3.081632653,0.989419192
320,3.102040816,0.989134769
320,3.12244898,0.988827312
320,3.142857143,0.988473333
320,3.163265306,0.988126357
320,3.183673469,0.987773681
320,3.204081633,0.987396928
320,3.224489796,0.986978337
320,3.244897959,0.986500981
320,3.265306122,0.985794365
320,3.285714286,0.985179156
320,3.306122449,0.9846166
320,3.326530612,0.98399569
320,3.346938776,0.98323153
320,3.367346939,0.982264741
320,3.387755102,0.981138337
320,3.408163265,0.9798962
320,3.428571429,0.978462484
320,3.448979592,0.977406321
320,3.469387755,0.975517285
320,3.489795918,0.973669033
320,3.510204082,0.972162711
320,3.530612245,0.971255603
320,3.551020408,0.971204433
320,3.571428571,0.971838148
320,3.591836735,0.97279446
320,3.612244898,0.973901742
320,3.632653061,0.974232933
320,3.653061224,0.974951973
320,3.673469388,0.975504503
320,3.693877551,0.975894478
320,3.714285714,0.976157179
320,3.734693878,0.976286477
320,3.755102041,0.976366614
320,3.775510204,0.976337657
320,3.795918367,0.97620207
320,3.816326531,0.975988448
320,3.836734694,0.975730613
320,3.857142857,0.975467461
320,3.87755102,0.975226951
320,3.897959184,0.974883997
320,3.918367347,0.974503912
320,3.93877551,0.974093239
320,3.959183673,0.973658792
320,3.979591837,0.973207569
320,4,0.97274669
330,3,0.986359676
330,3.020408163,0.984815558
330,3.040816327,0.983588595
330,3.06122449,0.982613921
330,3.081632653,0.981820734
330,3.102040816,0.981132177
330,3.12244898,0.98046558
330,3.142857143,0.979733088
330,3.163265306,0.97884271
330,3.183673469,0.977699783
330,3.204081633,0.976208818
330,3.224489796,0.974275642
330,3.244897959,0.971809699
330,3.265306122,0.968979686
330,3.285714286,0.96593824
330,3.306122449,0.962263873
330,3.326530612,0.957558222
330,3.346938776,0.952425772
330,3.367346939,0.946145422
330,3.387755102,0.937972983
330,3.408163265,0.929256094
330,3.428571429,0.918931883
330,3.448979592,0.908010756
330,3.469387755,0.89580057
330,3.489795918,0.883816395
330,3.510204082,0.873981655
330,3.530612245,0.869918612
330,3.551020408,0.872384891
330,3.571428571,0.880773923
330,3.591836735,0.891045378
330,3.612244898,0.901711195
330,3.632653061,0.91132562
330,3.653061224,0.920496699
330,3.673469388,0.928196959
330,3.693877551,0.935416726
330,3.714285714,0.940968602
330,3.734693878,0.945424416
330,3.755102041,0.949474851
330,3.775510204,0.952576243
330,3.795918367,0.955051309
330,3.816326531,0.957243729
330,3.836734694,0.958949991
330,3.857142857,0.960302048
330,3.87755102,0.961478025
330,3.897959184,0.962423933
330,3.918367347,0.963103898
330,3.93877551,0.96358834
330,3.959183673,0.963947552
330,3.979591837,0.964250576
330,4,0.964564256
340,3,0.979045551
340,3.020408163,0.975897606
340,3.040816327,0.973341013
340,3.06122449,0.971256658
340,3.081632653,0.969510398
340,3.102040816,0.967951317
340,3.12244898,0.966410694
340,3.142857143,0.964701891
340,3.163265306,0.962621361
340,3.183673469,0.95995096
340,3.204081633,0.95646169
340,3.224489796,0.951918892
340,3.244897959,0.946088796
340,3.265306122,0.939399111
340,3.285714286,0.932115224
340,3.306122449,0.923284502
340,3.326530612,0.912048941
340,3.346938776,0.899539653
340,3.367346939,0.88422401
340,3.387755102,0.864270066
340,3.408163265,0.842769676
340,3.428571429,0.817309458
340,3.448979592,0.784852967
340,3.469387755,0.75621565
340,3.489795918,0.728160255
340,3.510204082,0.703292046
340,3.530612245,0.692292097
340,3.551020408,0.695850648
340,3.571428571,0.713859238
340,3.591836735,0.737100755
340,3.612244898,0.762391082
340,3.632653061,0.794227811
340,3.653061224,0.819236748
340,3.673469388,0.840571171
340,3.693877551,0.860759105
340,3.714285714,0.876428805
340,3.734693878,0.889203
340,3.755102041,0.900724721
340,3.775510204,0.909800981
340,3.795918367,0.917217106
340,3.816326531,0.923822846
340,3.836734694,0.929169772
340,3.857142857,0.933586252
340,3.87755102,0.937526536
340,3.897959184,0.940877012
340,3.918367347,0.943536886
340,3.93877551,0.945695937
340,3.959183673,0.947537926
340,3.979591837,0.949237615
340,4,0.950958719
350,3,0.970073961
350,3.020408163,0.967834662
350,3.040816327,0.965490354
350,3.06122449,0.962949579
350,3.081632653,0.960106076
350,3.102040816,0.956837319
350,3.12244898,0.953003479
350,3.142857143,0.948248044
350,3.163265306,0.94327695
350,3.183673469,0.937874103
350,3.204081633,0.931685178
350,3.224489796,0.924291647
350,3.244897959,0.915208882
350,3.265306122,0.902493288
350,3.285714286,0.889279897
350,3.306122449,0.875276489
350,3.326530612,0.858972896
350,3.346938776,0.838567835
350,3.367346939,0.812105331
350,3.387755102,0.778814699
350,3.408163265,0.742083562
350,3.428571429,0.698789737
350,3.448979592,0.646807814
350,3.469387755,0.595547718
350,3.489795918,0.546201649
350,3.510204082,0.504287479
350,3.530612245,0.484337533
350,3.551020408,0.488014164
350,3.571428571,0.51594724
350,3.591836735,0.557280901
350,3.612244898,0.604670545
350,3.632653061,0.656132307
350,3.653061224,0.700757037
350,3.673469388,0.739315663
350,3.693877551,0.774467245
350,3.714285714,0.802497217
350,3.734693878,0.825545359
350,3.755102041,0.845745643
350,3.775510204,0.862000275
350,3.795918367,0.875414383
350,3.816326531,0.887126755
350,3.836734694,0.896783596
350,3.857142857,0.904864078
350,3.87755102,0.911956558
350,3.897959184,0.917933402
350,3.918367347,0.922999744
350,3.93877551,0.927471144
350,3.959183673,0.93130155
350,3.979591837,0.934577788
350,4,0.937477878
360,3,0.961258159
360,3.020408163,0.95811927
360,3.040816327,0.954939555
360,3.06122449,0.951547222
360,3.081632653,0.947753957
360,3.102040816,0.943355774
360,3.12244898,0.938135189
360,3.142857143,0.931473392
360,3.163265306,0.924744376
360,3.183673469,0.917596613
360,3.204081633,0.909446384
360,3.224489796,0.899628532
360,3.244897959,0.887407144
360,3.265306122,0.870297105
360,3.285714286,0.852722086
360,3.306122449,0.834325137
360,3.326530612,0.813041409
360,3.346938776,0.786317921
360,3.367346939,0.751318306
360,3.387755102,0.700290953
360,3.408163265,0.645574592
360,3.428571429,0.591205667
360,3.448979592,0.533326955
360,3.469387755,0.467548931
360,3.489795918,0.394919094
360,3.510204082,0.330072271
360,3.530612245,0.294354852
360,3.551020408,0.289697299
360,3.571428571,0.319459159
360,3.591836735,0.37236263
360,3.612244898,0.437631965
360,3.632653061,0.510804902
360,3.653061224,0.57576863
360,3.673469388,0.632601477
360,3.693877551,0.684650243
360,3.714285714,0.726326427
360,3.734693878,0.76056476
360,3.755102041,0.790726383
360,3.775510204,0.814897759
360,3.795918367,0.83476266
360,3.816326531,0.852247686
360,3.836734694,0.866586035
360,3.857142857,0.878537901
360,3.87755102,0.889179413
360,3.897959184,0.898342663
360,3.918367347,0.905778967
360,3.93877551,0.911973959
360,3.959183673,0.917374498
360,3.979591837,0.922382521
360,4,0.927353312
